Industry,IndustryCode
"건설 장비 및대형차, 기차, 배",521020
다양한 소매업,533010
레저 상품,532050
미디어 및 출판,533020
반도체 및 반도체 장비,571010
생명과학 및 메디컬 리서치,562020
섬유 및 의류,532020
소프트웨어 및 IT 서비스,572010
식품 및 담배,541020
식품 및 약품소매,543010
은행,551010
음료,541010
자동차 및 자동차 부품,531010
전기 유틸리티,591010
전문 및 상업 서비스,522030
전문품 상점,534030
제약 ,562010
주택 및 상업용 리츠,601020
커뮤니케이션 및 네트워킹,571020
"컴퓨터, 전화 및 가전제품",571060
통신 서비스,574010
투자은행 및 서비스,551020
헬스케어 장비 및 용품,561010
호텔 및 엔터테인먼트,533010
화물 및 물류 서비스,524050
